track_name,track_id,duration_ms,album_name,release_date,label,album_popularity,album_id,artist_id,duration_sec
Amazing Grace,6mN8nzCXWUeT5LWEcG1Utx,555521,Deep Peace Experience,2015-06-09 00:00:00 UTC,Mountain Music Inc,6,3VoHMFQzFr9v163HXRvfo2,002nyxOMwdc9EgNEo7ETcF,555.521
Silent Night,58sgjtx3FOnBBEOd3BQE6C,535041,Deep Peace Experience,2015-06-09 00:00:00 UTC,Mountain Music Inc,6,3VoHMFQzFr9v163HXRvfo2,002nyxOMwdc9EgNEo7ETcF,535.041
Ancient Canyons,45tQJhm0WSk5VWMZK3FsLK,545855,Deep Peace Experience,2015-06-09 00:00:00 UTC,Mountain Music Inc,6,3VoHMFQzFr9v163HXRvfo2,002nyxOMwdc9EgNEo7ETcF,545.855
Pacha Mama Medicina,3VFD7QqkJSg0OR6yBwKl7A,305241,Deep Peace Experience,2015-06-09 00:00:00 UTC,Mountain Music Inc,6,3VoHMFQzFr9v163HXRvfo2,002nyxOMwdc9EgNEo7ETcF,305.241
Palace Of Light,7LwJV5BEIC9BQnzvaBSyCc,351060,Deep Peace Experience,2015-06-09 00:00:00 UTC,Mountain Music Inc,6,3VoHMFQzFr9v163HXRvfo2,002nyxOMwdc9EgNEo7ETcF,351.06
Jeweled Lotus (Om Mani Peme Hum),3I9hXJVjdNYnNfJ5PjgxKA,562887,Deep Peace Experience,2015-06-09 00:00:00 UTC,Mountain Music Inc,6,3VoHMFQzFr9v163HXRvfo2,002nyxOMwdc9EgNEo7ETcF,562.887
Loka (May All Beings Be Happy),0K3bvVuJZTrhK8S4yT9Z7g,417908,Deep Peace Experience,2015-06-09 00:00:00 UTC,Mountain Music Inc,6,3VoHMFQzFr9v163HXRvfo2,002nyxOMwdc9EgNEo7ETcF,417.908
Shiva Radiance (I Am That I Am),3Vke9b8vKfG5evYn5vcDvW,553509,Deep Peace Experience,2015-06-09 00:00:00 UTC,Mountain Music Inc,6,3VoHMFQzFr9v163HXRvfo2,002nyxOMwdc9EgNEo7ETcF,553.509
Dream Healing,0z2oH4GgrXdWE0FicrIwYs,581434,Deep Peace Experience,2015-06-09 00:00:00 UTC,Mountain Music Inc,6,3VoHMFQzFr9v163HXRvfo2,002nyxOMwdc9EgNEo7ETcF,581.434
See The World Burn,6cCOUBWo2uSz8Eio8ztDSh,164217,Black Sands: Official Soundtrack,2019-12-20 00:00:00 UTC,1521914 Records DK2,2,3P7ScpNUSc9xEdVPDQyXIT,005nJcjkbJcDqEDV75nqbq,164.217
Black Sands,6T0w8wrJhIMiBqVmC4UhrV,151287,Black Sands: Official Soundtrack,2019-12-20 00:00:00 UTC,1521914 Records DK2,2,3P7ScpNUSc9xEdVPDQyXIT,005nJcjkbJcDqEDV75nqbq,151.287
Squad Goals,1RDxImYrRLV8gpL5J1eeO9,257977,Black Sands: Official Soundtrack,2019-12-20 00:00:00 UTC,1521914 Records DK2,2,3P7ScpNUSc9xEdVPDQyXIT,005nJcjkbJcDqEDV75nqbq,257.977
All Gold,3UYPhAxyuc7XTQX0RTaMqj,130462,Black Sands: Official Soundtrack,2019-12-20 00:00:00 UTC,1521914 Records DK2,2,3P7ScpNUSc9xEdVPDQyXIT,005nJcjkbJcDqEDV75nqbq,130.462
Gladiators,5rVuUcCfe2SBd0I1YthDP6,216503,Black Sands: Official Soundtrack,2019-12-20 00:00:00 UTC,1521914 Records DK2,2,3P7ScpNUSc9xEdVPDQyXIT,005nJcjkbJcDqEDV75nqbq,216.503
Power,5sRZJDjMfqeGqzcf7VLLeD,213052,Black Sands: Official Soundtrack,2019-12-20 00:00:00 UTC,1521914 Records DK2,2,3P7ScpNUSc9xEdVPDQyXIT,005nJcjkbJcDqEDV75nqbq,213.052
Bright Side,4zpLDzxAl6ZwaeWzL20ZXM,210557,Black Sands: Official Soundtrack,2019-12-20 00:00:00 UTC,1521914 Records DK2,2,3P7ScpNUSc9xEdVPDQyXIT,005nJcjkbJcDqEDV75nqbq,210.557
Rumble In Kerma,62vwux2aauHam2wQKJG4HI,171977,Black Sands: Official Soundtrack,2019-12-20 00:00:00 UTC,1521914 Records DK2,2,3P7ScpNUSc9xEdVPDQyXIT,005nJcjkbJcDqEDV75nqbq,171.977
The Coin,1sgVXkabERazto6ePY7c4e,243664,Black Sands: Official Soundtrack,2019-12-20 00:00:00 UTC,1521914 Records DK2,2,3P7ScpNUSc9xEdVPDQyXIT,005nJcjkbJcDqEDV75nqbq,243.664
Kings And Queens,3yGRnVDOx6PqFjrC460dpZ,195084,Black Sands: Official Soundtrack,2019-12-20 00:00:00 UTC,1521914 Records DK2,2,3P7ScpNUSc9xEdVPDQyXIT,005nJcjkbJcDqEDV75nqbq,195.084
Reign,3CqlwRGISC92ue2s9WklIT,261256,Black Sands: Official Soundtrack,2019-12-20 00:00:00 UTC,1521914 Records DK2,2,3P7ScpNUSc9xEdVPDQyXIT,005nJcjkbJcDqEDV75nqbq,261.256
King'S Calling,0Z7ZrD4pFJ6TJLT5NfGBFb,248471,Black Sands: Official Soundtrack,2019-12-20 00:00:00 UTC,1521914 Records DK2,2,3P7ScpNUSc9xEdVPDQyXIT,005nJcjkbJcDqEDV75nqbq,248.471
Rah,6icLovKH6BSmjZSgqRcYwW,149886,Black Sands: Official Soundtrack,2019-12-20 00:00:00 UTC,1521914 Records DK2,2,3P7ScpNUSc9xEdVPDQyXIT,005nJcjkbJcDqEDV75nqbq,149.886
Fire,5VIJ35Rs3wPW4upxeuOFkX,205500,The Jimi Hendrix Experimento,2017-03-02 00:00:00 UTC,Los Años Luz Discos,1,1tNACeF9Pk67b8jvzYBDdB,00AuH5M9ms9SBUVijjpVof,205.5
Drifting,5ZZEw2b6ueFJhRVBGtFRAz,216000,The Jimi Hendrix Experimento,2017-03-02 00:00:00 UTC,Los Años Luz Discos,1,1tNACeF9Pk67b8jvzYBDdB,00AuH5M9ms9SBUVijjpVof,216
One Rainy Wish,2jSAf3FaQHwja43LWHRfWd,327250,The Jimi Hendrix Experimento,2017-03-02 00:00:00 UTC,Los Años Luz Discos,1,1tNACeF9Pk67b8jvzYBDdB,00AuH5M9ms9SBUVijjpVof,327.25
Little Wing,4Hxnw9L9wB15zFiOsQj9Ar,270000,The Jimi Hendrix Experimento,2017-03-02 00:00:00 UTC,Los Años Luz Discos,1,1tNACeF9Pk67b8jvzYBDdB,00AuH5M9ms9SBUVijjpVof,270
Wait Until Tomorrow,7M73rJqYwzbw8jaqNsWLpf,219250,The Jimi Hendrix Experimento,2017-03-02 00:00:00 UTC,Los Años Luz Discos,1,1tNACeF9Pk67b8jvzYBDdB,00AuH5M9ms9SBUVijjpVof,219.25
Castles Made Of Sand,4qgwgJkuGvuqZT0c6IvKxK,254250,The Jimi Hendrix Experimento,2017-03-02 00:00:00 UTC,Los Años Luz Discos,1,1tNACeF9Pk67b8jvzYBDdB,00AuH5M9ms9SBUVijjpVof,254.25
Come On (Part 1),7cud5rA0hyblSaXCxV3FiR,198500,The Jimi Hendrix Experimento,2017-03-02 00:00:00 UTC,Los Años Luz Discos,1,1tNACeF9Pk67b8jvzYBDdB,00AuH5M9ms9SBUVijjpVof,198.5
Crosstown Traffic,665HJMgNIWkKa4ekaia48u,261508,The Jimi Hendrix Experimento,2017-03-02 00:00:00 UTC,Los Años Luz Discos,1,1tNACeF9Pk67b8jvzYBDdB,00AuH5M9ms9SBUVijjpVof,261.508
The Wind Cries Mary,1mPUmNpeRdZtN9xZR2rAK8,240250,The Jimi Hendrix Experimento,2017-03-02 00:00:00 UTC,Los Años Luz Discos,1,1tNACeF9Pk67b8jvzYBDdB,00AuH5M9ms9SBUVijjpVof,240.25
Iylm,0eQLbjIPBJCqi1mxPBJ3fS,140519,Iylm,2021-12-22 00:00:00 UTC,Solo's Dojo,2,7av8naS0K2dxYx6lLH3pk6,00WeyJCsPWQ5jT7oq1pg7Y,140.519
A Light That Never Comes,1rNAxXJLt9gQEicKHfswK2,230295,A Light That Never Comes - Tribute To Linkin Park And Steve Aoki,2013-10-23 00:00:00 UTC,Pop Beatz,0,3FfNECaaPY4FD7opVl17P7,00xtj0ItFK8vjtTf0T40Iz,230.295
A Light That Never Comes - Instrumental Version,1KtMtVQScHw66DBwgzCxpC,230295,A Light That Never Comes - Tribute To Linkin Park And Steve Aoki,2013-10-23 00:00:00 UTC,Pop Beatz,0,3FfNECaaPY4FD7opVl17P7,00xtj0ItFK8vjtTf0T40Iz,230.295
A Light That Never Comes - Instrumental Version,1Gb6NvVEwWcJDCJ9H0VllJ,230321,A Light That Never Comes - Tribute To Linkin Park And Steve Aoki,2013-10-08 00:00:00 UTC,Pop Beatz,0,4XNaVzjjwcAtTP8DGom1xo,00xtj0ItFK8vjtTf0T40Iz,230.321
A Light That Never Comes,3J2Vn6sEEq8ppE9wTa8B2f,230321,A Light That Never Comes - Tribute To Linkin Park And Steve Aoki,2013-10-08 00:00:00 UTC,Pop Beatz,0,4XNaVzjjwcAtTP8DGom1xo,00xtj0ItFK8vjtTf0T40Iz,230.321
Linkin Park Koplo,0JPAYF7ozLYNmrCes8VzYL,193700,Linkin Park Koplo,2023-10-24 00:00:00 UTC,Dollar Digital Production,0,2NTSPtuJ15c9t137kHDn9B,01KfYEhs3fxnMppWEot3tT,193.7
Money Ain'T Sh!T,1flNcpoQyHDItU9KgZlBHr,198661,Black Bart,2013-02-13 00:00:00 UTC,Black Dave,12,3b70joxewFDjuqR19UXdFe,023YJhJlLPOOn0pDUjRtaD,198.661
New Nwo (Feat. Grande Marshall & Boldy James),1EB4SpdhVa8uc2kW0e6SYn,230974,Black Bart,2013-02-13 00:00:00 UTC,Black Dave,12,3b70joxewFDjuqR19UXdFe,023YJhJlLPOOn0pDUjRtaD,230.974
9:40:00,2ID17YbmupLtJoaAKsRZZg,151693,Black Bart,2013-02-13 00:00:00 UTC,Black Dave,12,3b70joxewFDjuqR19UXdFe,023YJhJlLPOOn0pDUjRtaD,151.693
Million Man March,1DeWFhZLy0L6ccoBv5t4tI,241371,Black Bart,2013-02-13 00:00:00 UTC,Black Dave,12,3b70joxewFDjuqR19UXdFe,023YJhJlLPOOn0pDUjRtaD,241.371
F*Ck Everybody (Feat. William Wilson),7v8FfDWRRaqaiXDlIxO3Mf,220107,Black Bart,2013-02-13 00:00:00 UTC,Black Dave,12,3b70joxewFDjuqR19UXdFe,023YJhJlLPOOn0pDUjRtaD,220.107
Fake Id,2xyoku5w2DPmL4LxltHh18,225880,Black Bart,2013-02-13 00:00:00 UTC,Black Dave,12,3b70joxewFDjuqR19UXdFe,023YJhJlLPOOn0pDUjRtaD,225.88
I Am Myself (Poem),4pyNQTlEbFiJ2SLiQbcizp,70347,Black Bart,2013-02-13 00:00:00 UTC,Black Dave,12,3b70joxewFDjuqR19UXdFe,023YJhJlLPOOn0pDUjRtaD,70.347
Take It Back (Feat. Shy Guy),3NZgZvbaqW8uPerEhP8UpC,250200,Black Bart,2013-02-13 00:00:00 UTC,Black Dave,12,3b70joxewFDjuqR19UXdFe,023YJhJlLPOOn0pDUjRtaD,250.2
Recognize,6TyezKu4NX7nSxV4sJsbZi,154044,Black Bart,2013-02-13 00:00:00 UTC,Black Dave,12,3b70joxewFDjuqR19UXdFe,023YJhJlLPOOn0pDUjRtaD,154.044
Mind Off Da Bs,3u349MU8XXFafafX0R0l93,223712,Black Bart,2013-02-13 00:00:00 UTC,Black Dave,12,3b70joxewFDjuqR19UXdFe,023YJhJlLPOOn0pDUjRtaD,223.712
Wadadang (Feat. Bodega Bamz),1Z6srbJRJRSoGXqZEoBrbY,261250,Black Bart,2013-02-13 00:00:00 UTC,Black Dave,12,3b70joxewFDjuqR19UXdFe,023YJhJlLPOOn0pDUjRtaD,261.25
My City Made Me Do It (Feat. Smoke Dza),2RRcHP4ijYkBy6lzIcgclM,212453,Black Bart,2013-02-13 00:00:00 UTC,Black Dave,12,3b70joxewFDjuqR19UXdFe,023YJhJlLPOOn0pDUjRtaD,212.453
To Da Grave,2YiKPJuS593hOcJpDUJgtJ,172486,Black Bart,2013-02-13 00:00:00 UTC,Black Dave,12,3b70joxewFDjuqR19UXdFe,023YJhJlLPOOn0pDUjRtaD,172.486
Golden Boys (Feat. Riff Raff),6692dL8Rt7Q8VQBxSeiHXn,206811,Black Bart,2013-02-13 00:00:00 UTC,Black Dave,12,3b70joxewFDjuqR19UXdFe,023YJhJlLPOOn0pDUjRtaD,206.811
Quit Ya Day Job,2TToP73hdaqy6YCXg4nPVW,190824,Black Bart,2013-02-13 00:00:00 UTC,Black Dave,12,3b70joxewFDjuqR19UXdFe,023YJhJlLPOOn0pDUjRtaD,190.824
Never Gonna Be Right (Feat. D Stunna & Shy Guy),3iEC9o8A6dVwwKYC6loGFR,222798,Black Bart,2013-02-13 00:00:00 UTC,Black Dave,12,3b70joxewFDjuqR19UXdFe,023YJhJlLPOOn0pDUjRtaD,222.798
Frontin,2Hle36wiExaDtFsegvCuSz,263053,Stay Black,2013-02-21 00:00:00 UTC,Black Dave,3,47qAG1nLKFKDBFhmNxsGVP,023YJhJlLPOOn0pDUjRtaD,263.053
Dangerous,68VC5dZ7UoCVO58JGxN27N,200640,Stay Black,2013-02-21 00:00:00 UTC,Black Dave,3,47qAG1nLKFKDBFhmNxsGVP,023YJhJlLPOOn0pDUjRtaD,200.64
(Intro) Ready For War,2PaF7aXonhMibcg78u9htD,200640,Stay Black,2013-02-21 00:00:00 UTC,Black Dave,3,47qAG1nLKFKDBFhmNxsGVP,023YJhJlLPOOn0pDUjRtaD,200.64
Thinkin About You,38shUy64Iw7LrP7k1C3qiM,162013,Stay Black,2013-02-21 00:00:00 UTC,Black Dave,3,47qAG1nLKFKDBFhmNxsGVP,023YJhJlLPOOn0pDUjRtaD,162.013
On Da Map,28bhOBUqoutZq7xvNRNIcP,169453,Stay Black,2013-02-21 00:00:00 UTC,Black Dave,3,47qAG1nLKFKDBFhmNxsGVP,023YJhJlLPOOn0pDUjRtaD,169.453
Free Bk,5LlX84qOXtlv1KynQMhks4,169453,Stay Black,2013-02-21 00:00:00 UTC,Black Dave,3,47qAG1nLKFKDBFhmNxsGVP,023YJhJlLPOOn0pDUjRtaD,169.453
Little Bit Mo,39V9WW18RHN3A2jkF6cUoN,214280,Stay Black,2013-02-21 00:00:00 UTC,Black Dave,3,47qAG1nLKFKDBFhmNxsGVP,023YJhJlLPOOn0pDUjRtaD,214.28
Night In The Ocean,1cpV0ENAiBLPjFRmwd7Wgl,288333,Stay Black,2013-02-21 00:00:00 UTC,Black Dave,3,47qAG1nLKFKDBFhmNxsGVP,023YJhJlLPOOn0pDUjRtaD,288.333
Bucket Low (Fuck It Tho),6UbQ1GJHFi5dAOsPvnTGu5,151613,Stay Black,2013-02-21 00:00:00 UTC,Black Dave,3,47qAG1nLKFKDBFhmNxsGVP,023YJhJlLPOOn0pDUjRtaD,151.613
Rap & Skate,7tJB5clyBgsmigbUje1JpH,239280,Stay Black,2013-02-21 00:00:00 UTC,Black Dave,3,47qAG1nLKFKDBFhmNxsGVP,023YJhJlLPOOn0pDUjRtaD,239.28
Bitch Nigga Why You Fake,0M1FqRQpxAwHDDbnG7es7Q,160520,Stay Black,2013-02-21 00:00:00 UTC,Black Dave,3,47qAG1nLKFKDBFhmNxsGVP,023YJhJlLPOOn0pDUjRtaD,160.52
Muthafuck! My Enemies,22s5ZtM1CQHrlzij4wX85b,174760,Stay Black,2013-02-21 00:00:00 UTC,Black Dave,3,47qAG1nLKFKDBFhmNxsGVP,023YJhJlLPOOn0pDUjRtaD,174.76
Gone,3If66UsBaYLbRpgXBVAB41,210253,Stay Black,2013-02-21 00:00:00 UTC,Black Dave,3,47qAG1nLKFKDBFhmNxsGVP,023YJhJlLPOOn0pDUjRtaD,210.253
Boomin N' Zoomin,0jhRT1SWQsX49Gvs96p9GI,215506,Stay Black,2013-02-21 00:00:00 UTC,Black Dave,3,47qAG1nLKFKDBFhmNxsGVP,023YJhJlLPOOn0pDUjRtaD,215.506
Damn,2DvkcdXUITfqYT6QzXAXuw,143411,Punk Savage,2018-09-29 00:00:00 UTC,Black Dave,2,6UotKhMyAcTo7F7ysTpuWE,023YJhJlLPOOn0pDUjRtaD,143.411
No Smoke,1NWErc1VV46ktsgG9S6dKA,111869,Punk Savage,2018-09-29 00:00:00 UTC,Black Dave,2,6UotKhMyAcTo7F7ysTpuWE,023YJhJlLPOOn0pDUjRtaD,111.869
Lurkin,5mz9wRBh7BTYJfNglGEUqD,101020,Punk Savage,2018-09-29 00:00:00 UTC,Black Dave,2,6UotKhMyAcTo7F7ysTpuWE,023YJhJlLPOOn0pDUjRtaD,101.02
Michael Kors,5fDFmPPgPMcdUreoGkrQll,177715,Punk Savage,2018-09-29 00:00:00 UTC,Black Dave,2,6UotKhMyAcTo7F7ysTpuWE,023YJhJlLPOOn0pDUjRtaD,177.715
Ain'T Lit,0jCeRpRITALXfFTgCXdtVx,219088,Punk Savage,2018-09-29 00:00:00 UTC,Black Dave,2,6UotKhMyAcTo7F7ysTpuWE,023YJhJlLPOOn0pDUjRtaD,219.088
Goofy,1s3baYu8oMDiY1hKB9iHrR,151558,Punk Savage,2018-09-29 00:00:00 UTC,Black Dave,2,6UotKhMyAcTo7F7ysTpuWE,023YJhJlLPOOn0pDUjRtaD,151.558
Arm & A Leg,7pzAhbYMjtLlqvWZ733iDX,183291,Punk Savage,2018-09-29 00:00:00 UTC,Black Dave,2,6UotKhMyAcTo7F7ysTpuWE,023YJhJlLPOOn0pDUjRtaD,183.291
Clientele Boomin,7aiL6jaROiZbBuujX0teF3,183281,Punk Savage,2018-09-29 00:00:00 UTC,Black Dave,2,6UotKhMyAcTo7F7ysTpuWE,023YJhJlLPOOn0pDUjRtaD,183.281
Blowin Dope Wit My Skaters,7if5jtT1cBi6eLau3P6Z2k,173500,Punk Savage,2018-09-29 00:00:00 UTC,Black Dave,2,6UotKhMyAcTo7F7ysTpuWE,023YJhJlLPOOn0pDUjRtaD,173.5
Surfin',6PzekgwoIVO2CFPFWGfvgu,145678,Punk Savage,2018-09-29 00:00:00 UTC,Black Dave,2,6UotKhMyAcTo7F7ysTpuWE,023YJhJlLPOOn0pDUjRtaD,145.678
Bitchyouugly!,1RaME08gnEYZW8e4ErZ3mV,181472,Punk Savage,2018-09-29 00:00:00 UTC,Black Dave,2,6UotKhMyAcTo7F7ysTpuWE,023YJhJlLPOOn0pDUjRtaD,181.472
Don'T Call,6SOkbJWCl9TOuOuKILwycj,184137,Punk Savage,2018-09-29 00:00:00 UTC,Black Dave,2,6UotKhMyAcTo7F7ysTpuWE,023YJhJlLPOOn0pDUjRtaD,184.137
Love 2 Get Stoned,2toANQ2NV8UNXM5FvmNjCq,206577,Punk Savage,2018-09-29 00:00:00 UTC,Black Dave,2,6UotKhMyAcTo7F7ysTpuWE,023YJhJlLPOOn0pDUjRtaD,206.577
Skateboard Deck,4k41RXTLLhsYa9Yx1UkXbV,169218,Punk Savage,2018-09-29 00:00:00 UTC,Black Dave,2,6UotKhMyAcTo7F7ysTpuWE,023YJhJlLPOOn0pDUjRtaD,169.218
Chicken Spot,69Sykj6zhjBPEnvxW7771m,181785,Dark Sole,2022-08-28 00:00:00 UTC,Black Dave,1,7959gIcWx9h67LJ9jQ5HJw,023YJhJlLPOOn0pDUjRtaD,181.785
We Don' T Know U,2U1bOjTvDOlKGcJdk5sX3J,102000,Dark Sole,2022-08-28 00:00:00 UTC,Black Dave,1,7959gIcWx9h67LJ9jQ5HJw,023YJhJlLPOOn0pDUjRtaD,102
Gold Teef & A Gold Chain,5Yof6RS21QqKWjhPfoN0Ea,147374,Dark Sole,2022-08-28 00:00:00 UTC,Black Dave,1,7959gIcWx9h67LJ9jQ5HJw,023YJhJlLPOOn0pDUjRtaD,147.374
Feness & Derty (Live Version),3SiHbtYg5qA1OiLZQHFmmo,145826,Dark Sole,2022-08-28 00:00:00 UTC,Black Dave,1,7959gIcWx9h67LJ9jQ5HJw,023YJhJlLPOOn0pDUjRtaD,145.826
Stevie Williams,6oaJI4kUsibIba1NIT7lGL,149622,Dark Sole,2022-08-28 00:00:00 UTC,Black Dave,1,7959gIcWx9h67LJ9jQ5HJw,023YJhJlLPOOn0pDUjRtaD,149.622
Sinning,1NSWCg4RzwNRWLzXklVyad,167893,Dark Sole,2022-08-28 00:00:00 UTC,Black Dave,1,7959gIcWx9h67LJ9jQ5HJw,023YJhJlLPOOn0pDUjRtaD,167.893
Wtf U Mean?,3c9zX6LwzdA5CmHHeOnCsg,182760,Dark Sole,2022-08-28 00:00:00 UTC,Black Dave,1,7959gIcWx9h67LJ9jQ5HJw,023YJhJlLPOOn0pDUjRtaD,182.76
Damn Nigga,3LcNiRE7e3WuzDffcjA3vG,173226,Dark Sole,2022-08-28 00:00:00 UTC,Black Dave,1,7959gIcWx9h67LJ9jQ5HJw,023YJhJlLPOOn0pDUjRtaD,173.226
Slammin Muhfuggin Doors,1wMrEqljVX134kP8ylAovf,190187,Dark Sole,2022-08-28 00:00:00 UTC,Black Dave,1,7959gIcWx9h67LJ9jQ5HJw,023YJhJlLPOOn0pDUjRtaD,190.187
"To Da Grave, Pt. 2",7I6qOoeMvAlsSXhaKBdoAD,181250,Dark Sole,2022-08-28 00:00:00 UTC,Black Dave,1,7959gIcWx9h67LJ9jQ5HJw,023YJhJlLPOOn0pDUjRtaD,181.25
Daevon Willis,2MpthEz0UkZvPPSYtJkbky,227966,Dark Sole,2022-08-28 00:00:00 UTC,Black Dave,1,7959gIcWx9h67LJ9jQ5HJw,023YJhJlLPOOn0pDUjRtaD,227.966
Fist In The Air (Black Power),6kq1LH5hvY4PENJGYgUVsw,175312,Dark Sole,2022-08-28 00:00:00 UTC,Black Dave,1,7959gIcWx9h67LJ9jQ5HJw,023YJhJlLPOOn0pDUjRtaD,175.312
Very Freaky Girl,7r0E267O6VPfaPiI5zQStu,188000,Dark Sole,2022-08-28 00:00:00 UTC,Black Dave,1,7959gIcWx9h67LJ9jQ5HJw,023YJhJlLPOOn0pDUjRtaD,188
Betta Watch Yo Back,0CH9tOZbOKPpTSIcLVMtuT,171214,Dark Sole,2022-08-28 00:00:00 UTC,Black Dave,1,7959gIcWx9h67LJ9jQ5HJw,023YJhJlLPOOn0pDUjRtaD,171.214
"The Wheels Of The World / The Priests Leap, Jigs",3R3y5uMxcd2GJu6WCnsduT,151493,One Out Of The Fort,2012-10-15 00:00:00 UTC,Bogfire,2,0McXkh2DU1vTXyWaW9uN4J,02ds8He0YeZQopt7bgAIIR,151.493
"Patsy Sean Nancy'S, Reel",0wZMd1BJ2r0WJd0NFNOBUZ,60586,One Out Of The Fort,2012-10-15 00:00:00 UTC,Bogfire,2,0McXkh2DU1vTXyWaW9uN4J,02ds8He0YeZQopt7bgAIIR,60.586
"A Fig For A Kiss, Slip Jig",1NdKvFwB6nE4mWi7bQZ7QN,91920,One Out Of The Fort,2012-10-15 00:00:00 UTC,Bogfire,2,0McXkh2DU1vTXyWaW9uN4J,02ds8He0YeZQopt7bgAIIR,91.92
"The Gowlan Road, Reel",5xx8LfDN2SWjiIWy2hKWop,84013,One Out Of The Fort,2012-10-15 00:00:00 UTC,Bogfire,2,0McXkh2DU1vTXyWaW9uN4J,02ds8He0YeZQopt7bgAIIR,84.013
"The Ewe Reel, Schottische",2E1CBbML7GN9lG7uyXZj6Z,59093,One Out Of The Fort,2012-10-15 00:00:00 UTC,Bogfire,2,0McXkh2DU1vTXyWaW9uN4J,02ds8He0YeZQopt7bgAIIR,59.093
"Johnny Henry, Interview",0UvGfQydRA2BLL3287KN27,79346,One Out Of The Fort,2012-10-15 00:00:00 UTC,Bogfire,2,0McXkh2DU1vTXyWaW9uN4J,02ds8He0YeZQopt7bgAIIR,79.346
"Henry'S #1, Double Jig",6qqDYOfdwQlhT6MYZWABSj,91106,One Out Of The Fort,2012-10-15 00:00:00 UTC,Bogfire,2,0McXkh2DU1vTXyWaW9uN4J,02ds8He0YeZQopt7bgAIIR,91.106
"Reidy Johnson'S / Gagan'S / Reidy Johnson'S, Reels",0IIgtWGsXYncxZfZjHQBOZ,183693,One Out Of The Fort,2012-10-15 00:00:00 UTC,Bogfire,2,0McXkh2DU1vTXyWaW9uN4J,02ds8He0YeZQopt7bgAIIR,183.693
"The Mouse In The Cupboard / The Wandering Minstrel, Jigs",5M6PiGjIeBAJ0y7MEsZcZ1,167933,One Out Of The Fort,2012-10-15 00:00:00 UTC,Bogfire,2,0McXkh2DU1vTXyWaW9uN4J,02ds8He0YeZQopt7bgAIIR,167.933
"Owney Davey'S / Boil The Breakfast Early, Reels",5kgYqQnP7enHSwwWJq4Snt,117533,One Out Of The Fort,2012-10-15 00:00:00 UTC,Bogfire,2,0McXkh2DU1vTXyWaW9uN4J,02ds8He0YeZQopt7bgAIIR,117.533
"Achonry Lasses / The Crooked Road To Dublin, Reels",10JUiTaaVqg3KVuURb4GFi,134826,One Out Of The Fort,2012-10-15 00:00:00 UTC,Bogfire,2,0McXkh2DU1vTXyWaW9uN4J,02ds8He0YeZQopt7bgAIIR,134.826
"Rose In The Heather / Thrush In The Bush, Jigs",7kWx4j0IEr7yKtYuOIyssw,138253,One Out Of The Fort,2012-10-15 00:00:00 UTC,Bogfire,2,0McXkh2DU1vTXyWaW9uN4J,02ds8He0YeZQopt7bgAIIR,138.253
"Jeremiah Martins, Reel",0vBvw4tUU4x1IwgaB91Kp5,68213,One Out Of The Fort,2012-10-15 00:00:00 UTC,Bogfire,2,0McXkh2DU1vTXyWaW9uN4J,02ds8He0YeZQopt7bgAIIR,68.213
"The Stoney Steps / Langton'S / The Stoney Steps, Reels",0BDWRGl2wcsPaK1dd9yhfd,181760,One Out Of The Fort,2012-10-15 00:00:00 UTC,Bogfire,2,0McXkh2DU1vTXyWaW9uN4J,02ds8He0YeZQopt7bgAIIR,181.76
"The Liffey Banks / The Shaskeen, Reels",2FFMZIDsHJo7kvpjZW3QfX,136493,One Out Of The Fort,2012-10-15 00:00:00 UTC,Bogfire,2,0McXkh2DU1vTXyWaW9uN4J,02ds8He0YeZQopt7bgAIIR,136.493
"Down The Broom / The Gatehouse Maid, Reels",7wavHI8W9vTApQcXbcfWPU,135840,One Out Of The Fort,2012-10-15 00:00:00 UTC,Bogfire,2,0McXkh2DU1vTXyWaW9uN4J,02ds8He0YeZQopt7bgAIIR,135.84
"The Nova Scotia / Biddy The Bold Wife, Jigs",63m6UNtj4tvVQ5Uhmh3CWk,123946,One Out Of The Fort,2012-10-15 00:00:00 UTC,Bogfire,2,0McXkh2DU1vTXyWaW9uN4J,02ds8He0YeZQopt7bgAIIR,123.946
"The Five Mile Chase / The Hare'S Paw, Reels",1XL0tdW83dwjANICFhSCXI,150493,One Out Of The Fort,2012-10-15 00:00:00 UTC,Bogfire,2,0McXkh2DU1vTXyWaW9uN4J,02ds8He0YeZQopt7bgAIIR,150.493
Bimis Ag Ol (Let Us Be Drinking) Jig,4LSnrUuiCR6vMwvN8n1Es5,78386,One Out Of The Fort,2012-10-15 00:00:00 UTC,Bogfire,2,0McXkh2DU1vTXyWaW9uN4J,02ds8He0YeZQopt7bgAIIR,78.386
"Dinny O'Briens / Farewell To Connaught, Reels",2EupxhkKWnkaPa3PEUyWsH,143480,One Out Of The Fort,2012-10-15 00:00:00 UTC,Bogfire,2,0McXkh2DU1vTXyWaW9uN4J,02ds8He0YeZQopt7bgAIIR,143.48
"The Black Haired Lass, Reel",1kt9VZPSjyWZGmgyOyaAK7,63706,One Out Of The Fort,2012-10-15 00:00:00 UTC,Bogfire,2,0McXkh2DU1vTXyWaW9uN4J,02ds8He0YeZQopt7bgAIIR,63.706
"The Wise Maid, Reel",0PuL9yOGmup2Y1YLpBGs0A,299880,One Out Of The Fort,2012-10-15 00:00:00 UTC,Bogfire,2,0McXkh2DU1vTXyWaW9uN4J,02ds8He0YeZQopt7bgAIIR,299.88
"The Five Crossroads, Reel",6AnHdrrid12C8gCvSklOcn,105120,One Out Of The Fort,2012-10-15 00:00:00 UTC,Bogfire,2,0McXkh2DU1vTXyWaW9uN4J,02ds8He0YeZQopt7bgAIIR,105.12
"The Highlander'S Kneebuckle, Reel",1SeFzWnfAgriBHGfvk3T5v,62520,One Out Of The Fort,2012-10-15 00:00:00 UTC,Bogfire,2,0McXkh2DU1vTXyWaW9uN4J,02ds8He0YeZQopt7bgAIIR,62.52
"Old Man Dillon / The Whistling Banshee, Jigs",2VmMp4Euv8dAxpWwZ7zkWQ,130893,One Out Of The Fort,2012-10-15 00:00:00 UTC,Bogfire,2,0McXkh2DU1vTXyWaW9uN4J,02ds8He0YeZQopt7bgAIIR,130.893
"Battle Of Aughrim / Lord Mayo, Marches",2r5nYVxxZ24RVbApAdhsYt,138573,One Out Of The Fort,2012-10-15 00:00:00 UTC,Bogfire,2,0McXkh2DU1vTXyWaW9uN4J,02ds8He0YeZQopt7bgAIIR,138.573
"The Old Killavil, Jig",63jZMKaU3LUOxHEp0wXFjy,93026,One Out Of The Fort,2012-10-15 00:00:00 UTC,Bogfire,2,0McXkh2DU1vTXyWaW9uN4J,02ds8He0YeZQopt7bgAIIR,93.026
Black Sabbath,2rghVr8bpL8xt80F0SPM5L,295017,Black Sabbath,2020-10-31 00:00:00 UTC,The Land Before Tim Music,0,6x0vHJtrJ0OKIHJIpUNHeG,02ljaKmLn5QT8zSPw2XX10,295.017
Deep Purple,78YVyu8HpelLSOaIv2ARWy,90388,Deep Purple,2023-09-15 00:00:00 UTC,C_BOX,0,1YEsVKHX5A5iDhKTy0rdvV,02m6JlsBWmb1KUabv1PcoI,90.388
Little Wing - Acoustic,5tcnOaMPy4Uy0mboM5LBbz,117480,Little Wing (Acoustic),2020-09-18 00:00:00 UTC,2294887 Records DK,2,1Ea0Q1UTNXQILkN0OPhNLv,034t27obQmjdViDNTqAQYD,117.48
When The Levee Breaks,2fOd3NSWR6UN5mqJIRRqdC,348466,Live At The Royal Standard,2013-09-16 00:00:00 UTC,Black Market Music,3,1Jlhu3cTxSAClEWZ22L1RZ,03CCSAOkkfcpJmKwWfV9wA,348.466
Lonesome Day Blues,7hsBuOABobxbajlP5USUkh,185640,Live At The Royal Standard,2013-09-16 00:00:00 UTC,Black Market Music,3,1Jlhu3cTxSAClEWZ22L1RZ,03CCSAOkkfcpJmKwWfV9wA,185.64
Wang Dang Doodle,4Non8Bg226m5b4LsA3G0Zt,214440,Live At The Royal Standard,2013-09-16 00:00:00 UTC,Black Market Music,3,1Jlhu3cTxSAClEWZ22L1RZ,03CCSAOkkfcpJmKwWfV9wA,214.44
"Tell Me Where, Tell Me When",6YZTQoO291lGKzFwNLcGl3,185373,Live At The Royal Standard,2013-09-16 00:00:00 UTC,Black Market Music,3,1Jlhu3cTxSAClEWZ22L1RZ,03CCSAOkkfcpJmKwWfV9wA,185.373
Wasting Time In Georgia,0P16vVFPGhb2JuM7r9OinK,224493,Live At The Royal Standard,2013-09-16 00:00:00 UTC,Black Market Music,3,1Jlhu3cTxSAClEWZ22L1RZ,03CCSAOkkfcpJmKwWfV9wA,224.493
Introduction,1YzbQSm7NPxbJdPHqYXN76,27253,Live At The Royal Standard,2013-09-16 00:00:00 UTC,Black Market Music,3,1Jlhu3cTxSAClEWZ22L1RZ,03CCSAOkkfcpJmKwWfV9wA,27.253
Voodoo Chile,3hYgQMYlpv9TbF5Av7CBPM,361546,Live At The Royal Standard,2013-09-16 00:00:00 UTC,Black Market Music,3,1Jlhu3cTxSAClEWZ22L1RZ,03CCSAOkkfcpJmKwWfV9wA,361.546
Here We Go Again,371Gont3iuqMH65bDrpp8s,248346,Live At The Royal Standard,2013-09-16 00:00:00 UTC,Black Market Music,3,1Jlhu3cTxSAClEWZ22L1RZ,03CCSAOkkfcpJmKwWfV9wA,248.346
The Golden Rule,1tE0nL7SyExRVO5dyA74gV,308480,Live At The Royal Standard,2013-09-16 00:00:00 UTC,Black Market Music,3,1Jlhu3cTxSAClEWZ22L1RZ,03CCSAOkkfcpJmKwWfV9wA,308.48
Interview - Jimi And Rebecca,3Ua027tG4npofQaYcxxH5O,131266,Live At The Royal Standard,2013-09-16 00:00:00 UTC,Black Market Music,3,1Jlhu3cTxSAClEWZ22L1RZ,03CCSAOkkfcpJmKwWfV9wA,131.266
Aviones De Papel,77YROra5feWs3xbIika9oy,246483,Aviones De Papel,2023-09-10 00:00:00 UTC,WIRE MUSIC S.A.S.,2,0f5b23tk1LGVHJExO0tZLV,04HAdZKSG8bBWGJ9Yo9hfh,246.483
Mis Lagrimas,1uxrNzfhnLipAabYXzD5OC,229173,Mis Lagrimas,2018-08-31 00:00:00 UTC,Bombo Records,6,17LnxCEREl0mNUfh56YcNL,04HAdZKSG8bBWGJ9Yo9hfh,229.173
Me Voy,3v0t6RpuY6rxEFJ5szXJle,246511,Me Voy,2020-03-20 00:00:00 UTC,Bombo Records,1,1LNrbAOQ2gXzBI6rlq1crT,04HAdZKSG8bBWGJ9Yo9hfh,246.511
Pa' Ser Feliz,4SMIOmnPm49F26Gk6JRAXq,243697,Pa' Ser Feliz,2022-04-18 00:00:00 UTC,Bombo Records,11,2jb0oF9eamcMjugIVzicer,04HAdZKSG8bBWGJ9Yo9hfh,243.697
Solo,76a1WVnIsUj3X17lWVa8ue,161035,Solo,2022-04-28 00:00:00 UTC,Bombo Records,2,2lNON9xCQmtDXyxAe8c3Qt,04HAdZKSG8bBWGJ9Yo9hfh,161.035
Busca Por Dentro (Live),7M0ojbG7VoHrcpox6T9xAd,262810,Busca Por Dentro (Live),2020-06-04 00:00:00 UTC,Bombo Records,1,3sUeQeuC5Z2mNPvBBg9vsi,04HAdZKSG8bBWGJ9Yo9hfh,262.81
Qué Pena,3b25dD9AoRZURW9uZTis4H,270000,Qué Pena,2022-06-03 00:00:00 UTC,Bombo Records,4,4Vaee085YY5onNR1eQAsrU,04HAdZKSG8bBWGJ9Yo9hfh,270
Bonitas,3U3iXbquUH5IB52lJw5pPl,244393,Bonitas,2023-02-10 00:00:00 UTC,Bombo Records,13,5vA7AbW70qBkPnZDr5PJFy,04HAdZKSG8bBWGJ9Yo9hfh,244.393
Amiga,3RBrxIyE0P7L6t28l0nvDC,210759,Amiga,2019-03-08 00:00:00 UTC,Bombo Records,1,6pxgLjYG21oTDZerTTqiFJ,04HAdZKSG8bBWGJ9Yo9hfh,210.759
Castle Of Glass - Tribute To Linkin Park (Instrumental Version),2QMJJqMy5pDJdFLCkbNQup,205087,Castle Of Glass - Tribute To Linkin Park,2000-01-01 00:00:00 UTC,VoiceExpress,0,1gAjMfvPdoDbyoqODI7pZC,04i9UK36PxzdHLfrgi60Q7,205.087
Castle Of Glass - Tribute To Linkin Park,6hsbbGm9HLE2SMn3bh9WGG,205087,Castle Of Glass - Tribute To Linkin Park,2000-01-01 00:00:00 UTC,VoiceExpress,0,1gAjMfvPdoDbyoqODI7pZC,04i9UK36PxzdHLfrgi60Q7,205.087
Jah Jah'S Coming - Original Mix,72Kog14hq1zWeM3zLFsIq6,333883,Deep House Sessions Vol 1,2012-03-15 00:00:00 UTC,Purple Gorilla Records,0,0pJsDp2HZWcjscjqjI6KPB,04rOJJh4mLlRvlO4W1TjgJ,333.883
Jack Is Dead - Original Mix,4ZmOXj5x6ER0DSQyDYIu20,408712,Deep House Sessions Vol 1,2012-03-15 00:00:00 UTC,Purple Gorilla Records,0,0pJsDp2HZWcjscjqjI6KPB,04rOJJh4mLlRvlO4W1TjgJ,408.712
Summer Nights - Original Mix,51K1dL4BWUMvhZra6y4KZH,377142,Deep House Sessions Vol 1,2012-03-15 00:00:00 UTC,Purple Gorilla Records,0,0pJsDp2HZWcjscjqjI6KPB,04rOJJh4mLlRvlO4W1TjgJ,377.142
Foo Fighters (Music Inspired By Jojo'S Bizarre Adventure) - Instrumental,2jXr9Yjz0ZLcwWqonvd6fa,127322,Foo Fighters (Music Inspired By Jojo'S Bizarre Adventure),2020-01-12 00:00:00 UTC,Gwinn,5,4nJrmr1s4hmaNQkMy0Y7yD,05M1InxN5pP1cedO9GD7ZW,127.322
Resonip,2jri3JsBM64N4hQO3DhCTv,65454,Resonip,2023-06-17 00:00:00 UTC,Ocean Distribution FZCO,2,6iyE2hWREV9Cr3MMkLhD8x,05PaMn0y8PbPlAHN61mqgg,65.454
Wastelands - Ringtone Tribute To Linkin Park,6ZEyg3Q3Km9ha49SHYyEBj,29608,Wastelands - Ringtone Tribute To Linkin Park,2014-07-02 00:00:00 UTC,VoiceExpress,0,25lczQ20wVwu8DXXVVq7iz,05RALkBU4SetsM0ZhJYgpJ,29.608
Guilty All The Same - Ringtone Tribute To Linkin Park And Rakim,6RvSATACgj2d5O8e0ErNb0,29790,Guilty All The Same - Ringtone Tribute To Linkin Park And Rakim,2014-03-12 00:00:00 UTC,VoiceExpress,0,3aAwJmWxj3qsGMZTbEtvK8,05RALkBU4SetsM0ZhJYgpJ,29.79
Something From Nothing - A Ringtone Tribute To Foo Fighters,2QR7ZVCdy5epKjxf9Vs5yt,29722,Something From Nothing - A Ringtone Tribute To Foo Fighters,2014-10-27 00:00:00 UTC,VoiceExpress,0,4sU5Uj1dP4LM1xGgqRr7Ua,05RALkBU4SetsM0ZhJYgpJ,29.722
Solstice,5DtMemf3gkR4SzVRgTDCip,111875,Black Sand,2019-03-15 00:00:00 UTC,Fenick,6,1T3zSonjt2XozDPAEuRDeF,05h9KcJkBORkLFnDXcGyOD,111.875
Apricity,5XZKPWIcKfH4BoW6DkPOje,137500,Black Sand,2019-03-15 00:00:00 UTC,Fenick,6,1T3zSonjt2XozDPAEuRDeF,05h9KcJkBORkLFnDXcGyOD,137.5
Moonbeam,3tEhGvLyf50NngWN10BLdH,250697,Black Sand,2019-03-15 00:00:00 UTC,Fenick,6,1T3zSonjt2XozDPAEuRDeF,05h9KcJkBORkLFnDXcGyOD,250.697
Pause,6LWQHlapTBZF5wh0aAwRjA,106625,Black Sand,2019-03-15 00:00:00 UTC,Fenick,6,1T3zSonjt2XozDPAEuRDeF,05h9KcJkBORkLFnDXcGyOD,106.625
Home,6lAY9v9KMb9Qo3zn1NTWBs,165875,Black Sand,2019-03-15 00:00:00 UTC,Fenick,6,1T3zSonjt2XozDPAEuRDeF,05h9KcJkBORkLFnDXcGyOD,165.875
Oak,2ilhDv22RZrV5TwyhccpiW,159875,Black Sand,2019-03-15 00:00:00 UTC,Fenick,6,1T3zSonjt2XozDPAEuRDeF,05h9KcJkBORkLFnDXcGyOD,159.875
Deep Pain,4p42NuJaQUeoRMOo7VzYIW,83305,Deep Relax,2023-08-01 00:00:00 UTC,5673387 Records DK,17,3FwJmWpxeuabEVQGlnSeRH,05hW3BQg4ZuQ0NW0cXhCeX,83.305
Stress Reduction,7hhcDPKKQBYHVhCNQlnKKS,95454,Deep Relax,2023-08-01 00:00:00 UTC,5673387 Records DK,17,3FwJmWpxeuabEVQGlnSeRH,05hW3BQg4ZuQ0NW0cXhCeX,95.454
Natural Wave,4wt9VvGpOjopvJ5OW4FqNn,112000,Deep Relax,2023-08-01 00:00:00 UTC,5673387 Records DK,17,3FwJmWpxeuabEVQGlnSeRH,05hW3BQg4ZuQ0NW0cXhCeX,112
Perfect Frequency,6zONbfEWXVSOibDe3IKSRn,131186,Deep Relax,2023-08-01 00:00:00 UTC,5673387 Records DK,17,3FwJmWpxeuabEVQGlnSeRH,05hW3BQg4ZuQ0NW0cXhCeX,131.186
Anxiety Cleansing,3swob9rRdzvsxpG3V4rf50,90947,Deep Relax,2023-08-01 00:00:00 UTC,5673387 Records DK,17,3FwJmWpxeuabEVQGlnSeRH,05hW3BQg4ZuQ0NW0cXhCeX,90.947
Strong Vibration,1HR36cHIkBBwmG8qT3sl8o,73043,Deep Relax,2023-08-01 00:00:00 UTC,5673387 Records DK,17,3FwJmWpxeuabEVQGlnSeRH,05hW3BQg4ZuQ0NW0cXhCeX,73.043
White Abyss,42iQH1e7Fp1ZcOokBVWd0J,82758,Deep Relax,2023-08-01 00:00:00 UTC,5673387 Records DK,17,3FwJmWpxeuabEVQGlnSeRH,05hW3BQg4ZuQ0NW0cXhCeX,82.758
Calm Purity,2jFnB1ppJcmMyLbSwS9reY,138556,Deep Relax,2023-08-01 00:00:00 UTC,5673387 Records DK,17,3FwJmWpxeuabEVQGlnSeRH,05hW3BQg4ZuQ0NW0cXhCeX,138.556
Frequency Smoothness,7KV0KWSdgSK6eFRFnOKlbV,64000,Deep Relax,2023-08-01 00:00:00 UTC,5673387 Records DK,17,3FwJmWpxeuabEVQGlnSeRH,05hW3BQg4ZuQ0NW0cXhCeX,64
Present Time,5dYiaJMxPjXka6ftCA2C2F,64000,Deep Relax,2023-08-01 00:00:00 UTC,5673387 Records DK,17,3FwJmWpxeuabEVQGlnSeRH,05hW3BQg4ZuQ0NW0cXhCeX,64
Black Sabbath,16QLs6f6ujjMuT2lOEe0A8,184291,Black Sabbath,2019-02-20 00:00:00 UTC,Savana38,0,3YE707Xr1iSnx8Qa1LDynH,05qFkl9QXNRRnnNS4t8d3d,184.291
The Voice,0Hr5ybXT1MC4ktROjSHm0Q,538333,Deep Progress/The Voice,1999-01-01 00:00:00 UTC,Pschent,10,4YGtiY1Wv3513WmvcMekSo,06CwuC7Dbahm25sj6SgChR,538.333
Deep Progress,66TLkIGJFAQo3f22BHko7W,652626,Deep Progress/The Voice,1999-01-01 00:00:00 UTC,Pschent,10,4YGtiY1Wv3513WmvcMekSo,06CwuC7Dbahm25sj6SgChR,652.626
Deep Purple,6x7MiX5vzHMnXFd9DUACxB,225235,Deep Purple,2019-12-20 00:00:00 UTC,FURIA,0,2RQYYgSqHnjCmAlHf0ygjQ,07cH5nIjAHfoQ5G8Shasm3,225.235
Hendricks,2V4eyUlbt7wvFr9Fu1lrL2,250000,Hendricks,2023-10-13 00:00:00 UTC,ioio!,5,4YEaLEyJaXUdZrshC3J8Rj,07rtdSVEyEvyrZi7waTyKq,250
D3,4AWb80ZmedkAKiau9jJ66U,339591,D3,2022-10-26 00:00:00 UTC,Black Sapphire,1,0jeui7xKssCdWOrIBD2Ztc,07tggkjPdbCjJD5tVG9toI,339.591
Dickies,6qe7wSbboWib2wxIX83nwF,144000,Dickies,2023-06-15 00:00:00 UTC,Black Sapphire,1,1ylyZqwTqJyyHFXYTNKG1Y,07tggkjPdbCjJD5tVG9toI,144
Ride Or Die,3LxAU6rRtqJkKahfsDPDgE,199857,Ride Or Die,2021-10-04 00:00:00 UTC,Black Sapphire,1,3UoP1xsua0bdCoJmgGaFyD,07tggkjPdbCjJD5tVG9toI,199.857
El L7,7jI3OhbZPcGANtQjO8MfCf,179426,Jimmy Humilde Presenta Lo Mejor De Las Calles Vol.3,2018-07-04 00:00:00 UTC,Jimmy Humilde Music,57,4ebX87u1162NvdQe0qKbiS,09HxEXUwV0FkmZnBqrJfbM,179.426
Pa Todo Hay Maña,01m2o2S7zSxoESqMPbNhqW,174000,Jimmy Humilde Presenta Lo Mejor De Las Calles Vol.3,2018-07-04 00:00:00 UTC,Jimmy Humilde Music,57,4ebX87u1162NvdQe0qKbiS,09HxEXUwV0FkmZnBqrJfbM,174
Dos Plumas,7CdLTY0JJNkiioM4jf5RMj,126173,Jimmy Humilde Presenta Lo Mejor De Las Calles Vol.3,2018-07-04 00:00:00 UTC,Jimmy Humilde Music,57,4ebX87u1162NvdQe0qKbiS,09HxEXUwV0FkmZnBqrJfbM,126.173
El Mandado,16CJ6odC94xBPLaFTSReo1,193110,Jimmy Humilde Presenta Lo Mejor De Las Calles Vol.3,2018-07-04 00:00:00 UTC,Jimmy Humilde Music,57,4ebX87u1162NvdQe0qKbiS,09HxEXUwV0FkmZnBqrJfbM,193.11
Fui Escolta De Jp,5apFURb4ufqm1wY25PzCEe,166026,Jimmy Humilde Presenta Lo Mejor De Las Calles Vol.3,2018-07-04 00:00:00 UTC,Jimmy Humilde Music,57,4ebX87u1162NvdQe0qKbiS,09HxEXUwV0FkmZnBqrJfbM,166.026
Cartel De Reyes,42wVd6LrCb0TlMhsqrrVXK,130470,Jimmy Humilde Presenta Lo Mejor De Las Calles Vol.3,2018-07-04 00:00:00 UTC,Jimmy Humilde Music,57,4ebX87u1162NvdQe0qKbiS,09HxEXUwV0FkmZnBqrJfbM,130.47
El Nini 09,23wippuaKZwCjfbLNzXS3q,149574,Jimmy Humilde Presenta Lo Mejor De Las Calles Vol.3,2018-07-04 00:00:00 UTC,Jimmy Humilde Music,57,4ebX87u1162NvdQe0qKbiS,09HxEXUwV0FkmZnBqrJfbM,149.574
Lo Verde Es Lo Que Se Mueve,0YyKOVCGcrsruH9pfWCKMi,229040,Jimmy Humilde Presenta Lo Mejor De Las Calles Vol.3,2018-07-04 00:00:00 UTC,Jimmy Humilde Music,57,4ebX87u1162NvdQe0qKbiS,09HxEXUwV0FkmZnBqrJfbM,229.04
Entre Favores,3OE6Z9W4oMm4pkVeuI1tJ6,117769,Jimmy Humilde Presenta Lo Mejor De Las Calles Vol.3,2018-07-04 00:00:00 UTC,Jimmy Humilde Music,57,4ebX87u1162NvdQe0qKbiS,09HxEXUwV0FkmZnBqrJfbM,117.769
